{
    "LongDC_47": {
        "soma": {
            "voltage_base": [
                -83.52801513671875,
                0.05
            ],
            "Spikecount": [
                26.0,
                0.5812721888772925
            ],
            "AP_amplitude_from_voltagebase": [
                92.48782546631593,
                2.680749350362434
            ],
            "AP_width": [
                0.8192307692308134,
                0.039411349099922915
            ]
        },
        "dend0": {
            "AP_amplitude_from_voltagebase": [
                73.99026037305275,
                2.680749350362434
            ]
        },
        "dend1": {
            "AP_amplitude_from_voltagebase": [
                46.24391273315796,
                2.680749350362434
            ]
        }
    }
}