{
    "gbar_Im.basal": 0.000264119004406887,
    "gbar_Ih.somatic": 6.463473685821373e-05,
    "cm.axonal": 4.480918790536165,
    "decay_CaDynamics.axonal": 350.5784973202729,
    "gbar_Ca_LVA.somatic": 0.005097405250461788,
    "gbar_Nap_Et2.axonal": 4.4135670110163156e-05,
    "gamma_CaDynamics.axonal": 0.0005205297839103783,
    "gbar_NaTa_t.axonal": 2.947987013812617,
    "gbar_K_Tst.somatic": 0.25771538936275196,
    "gbar_Kv3_1.apical": 0.03249265778167601,
    "gbar_Im.apical": 0.0016597380157769618,
    "gamma_CaDynamics.somatic": 0.03977153643895757,
    "cm.somatic": 4.128814014395279,
    "cm.basal": 2.2404134730739216,
    "gbar_Nap_Et2.somatic": 0.00039491543421944504,
    "gbar_NaTs2_t.basal": 0.005079366801383665,
    "decay_CaDynamics.somatic": 819.1908676241499,
    "gbar_Ih.apical": 1.4250137982799934e-05,
    "gbar_Kv3_1.basal": 0.09999376496319005,
    "gbar_SK.axonal": 0.09861820514284551,
    "cm.apical": 9.444812954487361,
    "gbar_Ih.basal": 8.563028748503977e-05,
    "gbar_Ca_HVA.somatic": 2.0315183750707763e-05,
    "Ra.all": 145.66924672991092,
    "gbar_NaTs2_t.apical": 0.002726463465439373,
    "e_pas.all": -95.94409655896634,
    "gbar_Ca_HVA.axonal": 0.0004402268456396286,
    "g_pas.all": 6.92361757584303e-05,
    "gbar_K_Pst.axonal": 0.29267865401295123,
    "gbar_Kv3_1.somatic": 0.0045095789142370404,
    "gbar_NaTs2_t.somatic": 0.8971048876128968,
    "gbar_K_Pst.somatic": 0.012550915458042173,
    "gbar_K_Tst.axonal": 0.5634178173534237,
    "gbar_SK.somatic": 7.55056783910101e-06,
    "gbar_Kv3_1.axonal": 0.9210684081758981,
    "gbar_Ca_LVA.axonal": 0.003981352998977337
}