{
    "LongDC_40": {
        "stimuli": [
            {
                "type": "SquarePulse",
                "amp": 0.2100000034976901,
                "amp_end": 0.2100000034976901,
                "delay": 270.0,
                "duration": 999.9949999999999,
                "stim_end": 1269.995,
                "totduration": 7269.995,
                "sweep_filenames": [
                    "LongDC_40.txt",
                    "LongDC_49.txt"
                ]
            }
        ]
    },
    "LongDC_46": {
        "stimuli": [
            {
                "type": "SquarePulse",
                "amp": 0.3299999995487468,
                "amp_end": 0.3299999995487468,
                "delay": 270.0,
                "duration": 999.9949999999999,
                "stim_end": 1269.995,
                "totduration": 7269.995,
                "sweep_filenames": [
                    "LongDC_46.txt"
                ]
            }
        ]
    },
    "LongDC_47": {
        "stimuli": [
            {
                "type": "SquarePulse",
                "amp": 0.35000000120355423,
                "amp_end": 0.35000000120355423,
                "delay": 270.0,
                "duration": 999.9949999999999,
                "stim_end": 1269.995,
                "totduration": 7269.995,
                "sweep_filenames": [
                    "LongDC_47.txt"
                ]
            }
        ]
    },
    "LongDC_48": {
        "stimuli": [
            {
                "type": "SquarePulse",
                "amp": 0.2000000026702864,
                "amp_end": 0.2000000026702864,
                "delay": 270.0,
                "duration": 999.9949999999999,
                "stim_end": 1269.995,
                "totduration": 5269.995,
                "sweep_filenames": [
                    "LongDC_48.txt"
                ]
            }
        ]
    },
    "DB_check_DC": {
        "stimuli": [
            {
                "type": "SquarePulse",
                "amp": 0.36000000120355424,
                "delay": 270.0,
                "duration": 999.9949999999999,
                "stim_end": 1269.995,
                "totduration": 7269.995
            }
        ]
    }
}